,E,Gg,0
0,16.33159023555408,7.111806301906691e-13,6.6583638993155e-15
1,23.533533102682963,9.619926631134238e-13,1.8531017613637408e-14
2,32.60257959204602,1.4849015316055363e-12,8.311065000537978e-15
3,39.397204863589785,1.1955450452547995e-12,3.131010410133282e-16
4,48.62935788627943,1.561472237152573e-12,4.728273882318614e-17
5,53.72420697662239,1.25897432018661e-12,2.2556030907375448e-15
