,E,Gg,0
0,14.447873831521989,95.83030899786596,0.4220523900450028
1,24.688874586448183,99.41468140503152,1.8043926736020237
2,36.16992580878636,96.26157454217253,0.9809639987358082
3,39.37265843270415,148.03029467143702,0.6093163930826846
4,46.22233180088358,136.22516052899857,0.010851863060679106
5,49.46148987183579,128.28128798338136,0.25416862549249153
6,59.01772456203342,110.07444907313617,0.08316557663544082
