,E,Gg,0
0,21.56362077338151,65.40118548815447,0.0001697544472190535
1,32.72777328439011,118.8984661430916,0.09991093038940821
2,35.2967761706604,94.0153888045054,0.7197602639529312
3,46.35774757990916,106.92172759574625,0.22575573292517642
4,57.81035679367361,151.10012396499135,2.4970618148701145
