,E,Gg,0
0,13.946214963488533,5.727395862233977e-13,2.4941584783331308e-15
1,25.2506932928682,1.1828648413153258e-12,9.422201436538934e-17
2,27.78720149199785,9.117985926803385e-13,6.040641717459182e-15
3,41.57126200532625,1.2842630376223354e-12,2.963570447697032e-17
4,46.61888458911034,1.2593372209756165e-12,1.829100176989317e-15
5,54.71169726840172,1.408293087388236e-12,2.121509276103103e-15
